id,movie,imbdrating,imbdratingcount,moviereleaseyear
499,Colombiana (2011),6.4,60797,2011
498,Industrial Light & Magic: Creating the Impossible (TV Movie 2010),7.5,194,2010
497,Californication The Trial (TV Episode 2011),8.0,332,2011
496,Breakfast Episode dated 13 May 2010 (TV Episode 2010),,,2010
495,Psych Yang 3 in 2D (TV Episode 2010),8.8,311,2010
494,Psych Dual Spires (TV Episode 2010),8.9,721,2010
493,The Tonight Show with Jay Leno Episode #18.48 (TV Episode 2010),,,2010
492,Das Schwergewicht (2012),6.5,57523,2012
491,Zorn der Titanen (2012),5.8,119801,2012
490,The Double - Eiskaltes Duell (2011),5.9,18463,2011
489,Die Simpsons The Bob Next Door (TV Episode 2010),7.3,344,2010
488,The New Adventures of Old Christine Scream (TV Episode 2010),8.7,36,2010
487,Southland Fixing a Hole (TV Episode 2011),8.1,88,2011
486,Inside Job (2010),8.3,42684,2010
485,How to Make It in America What's in a Name? (TV Episode 2011),8.0,45,2011
484,Futurama Overclockwise (TV Episode 2011),7.2,494,2011
483,Love Tester (Video 2010),,,2010
482,Jeopardy! Million Dollar Celebrity Invitational Semifinal 3 (TV Episode 2010),,,2010
481,The Cleveland Show Little Man on Campus (TV Episode 2010),6.3,83,2010
480,The Cleveland Show To Live and Die in Va. (TV Episode 2011),6.3,72,2011
479,Community Basic Rocket Science (TV Episode 2010),8.6,871,2010
478,American Dad Hurricane! (TV Episode 2011),7.9,210,2011
477,Have I Got News for You Episode #39.3 (TV Episode 2010),6.8,5,2010
476,Ted (2012),7.1,327961,2012
475,Our Idiot Brother (2011),6.5,63131,2011
474,Conan (TV Series 2010â€“ ),8.2,11340,2010
473,Who Wants to Be a Millionaire Episode #8.134 (TV Episode 2010),,,2010
472,It's Always Sunny in Philadelphia The Gang Buys a Boat (TV Episode 2010),8.8,401,2010
471,Gossip Girl The Townie (TV Episode 2010),8.3,174,2010
470,90210 Nerdy Little Secrets (TV Episode 2011),7.8,60,2011
469,30 Rock College (TV Episode 2010),8.1,268,2010
468,Freunde mit gewissen VorzÃ¼gen (2011),6.6,185107,2011
467,Great Movie Mistakes (TV Movie 2010),5.6,62,2010
466,Jeopardy! Million Dollar Celebrity Invitational Quarterfinal 9 (TV Episode 2010),,,2010
465,Live from Studio Five Episode #1.131 (TV Episode 2010),,,2010
464,Futurama The Silence of the Clamps (TV Episode 2011),7.0,492,2011
463,Blue Crush 2 - No Limits (Video 2011),5.6,2206,2011
462,Soy tu dueÃ±a (TV Series 2010â€“ ),7.4,208,2010
461,Tere Bin Laden (2010),7.3,4871,2010
460,The Rotten Tomatoes Show Shutter Island/The Ghost Writer/Happy Tears (TV Episode 2010),,,2010
459,The Rotten Tomatoes Show From Paris with Love/Dear John/Frozen (TV Episode 2010),,,2010
458,The Rotten Tomatoes Show Cop Out/The Crazies/A Prophet (TV Episode 2010),,,2010
457,Die Simpsons The Real Housewives of Fat Tony (TV Episode 2011),6.7,294,2011
456,Die Simpsons The Scorpion's Tale (TV Episode 2011),6.6,313,2011
455,Castle Law & Murder (TV Episode 2011),8.3,417,2011
454,Supernatural Unforgiven (TV Episode 2011),8.3,824,2011
453,Modern Family The Old Wagon (TV Episode 2010),8.1,564,2010
452,The 83rd Annual Academy Awards (2011),6.2,980,2011
451,Die fantastische Welt von Oz (2013),6.4,138719,2013
450,Meine Schwester Charlie The Curious Case of Mr. Dabney (TV Episode 2010),8.2,44,2010
449,Aaron Stone In the Game of the Father (TV Episode 2010),8.2,6,2010
448,Live from Studio Five Episode #1.124 (TV Episode 2010),,,2010
447,Who Wants to Be a Millionaire Million Dollar Movie Week 4 (TV Episode 2010),,,2010
446,Who Wants to Be a Millionaire Million Dollar Movie Week 1 (TV Episode 2010),,,2010
445,Savages (2012),6.6,84239,2012
444,Archer Job Offer (TV Episode 2010),7.7,344,2010
443,Workaholics (TV Series 2011â€“ ),8.3,25080,2011
442,Vinnaithaandi Varuvaayaa (2010),7.9,2069,2010
441,The New Adventures of Old Christine Up in the Airport (TV Episode 2010),8.9,25,2010
440,The Big Bang Theory The Precious Fragmentation (TV Episode 2010),8.5,1118,2010
439,FÃ¼r immer Liebe (2012),6.8,92639,2012
438,Stirb langsam - Ein guter Tag zum Sterben (2013),5.4,125512,2013
437,Angela and Friends Episode #1.64 (TV Episode 2010),,,2010
436,Liebe (2012),7.8,52232,2012
435,The Grey - Unter WÃ¶lfen (2011),6.8,159537,2011
434,Asterix & Obelix - Im Auftrag Ihrer MajestÃ¤t (2012),5.3,5779,2012
433,Love Beyond Words (Video 2010),7.0,5,2010
432,Das gibt Ã„rger (2012),6.4,110536,2012
431,Community Romantic Expressionism (TV Episode 2010),8.2,734,2010
430,Community Communication Studies (TV Episode 2010),8.5,757,2010
429,Lockout (2012),6.1,67857,2012
428,Take This Waltz (2011),6.6,16882,2011
427,The Rotten Tomatoes Show The Lovely Bones/The Imaginarium of Doctor Parnassus/The White Ribbon (TV Episode 2010),,,2010
426,The Rotten Tomatoes Show Daybreakers/Leap Year/Youth in Revolt (TV Episode 2010),,,2010
425,Die Reise nach Metropolis (TV Movie 2010),7.0,73,2010
424,DR2 Premiere Episode #4.1 (TV Episode 2010),,,2010
423,Jeopardy! 2010 College Championship Quarterfinal 5 (TV Episode 2010),,,2010
422,Supernatural Dead Men Don't Wear Plaid (TV Episode 2010),8.7,987,2010
421,I Saw the Devil (2010),7.8,48252,2010
420,Saturday Night Live Ashton Kutcher/Them Crooked Vultures (TV Episode 2010),6.1,58,2010
419,Machine Gun Preacher (2011),6.9,41946,2011
418,Doctor Who Victory of the Daleks (TV Episode 2010),6.9,1810,2010
417,Gossip Girl The Empire Strikes Jack (TV Episode 2010),7.7,156,2010
416,The Big Fat Quiz of the Year (TV Movie 2010),7.7,170,2010
415,The Jay Leno Show Episode #1.75 (TV Episode 2010),,,2010
414,Mad Circus - Eine Ballade von Liebe und Tod (2010),6.5,7725,2010
413,Batman: Under the Red Hood (Video 2010),8.0,20032,2010
412,Arrietty - Die wundersame Welt der Borger (2010),7.7,34226,2010
411,Skyline (2010),4.4,66159,2010
410,The 67th Annual Golden Globe Awards (TV Movie 2010),7.2,224,2010
409,Ahate pasa (2010),,,2010
408,Marginais (2010),4.0,22,2010
407,Premium Rush (2012),6.5,74537,2012
406,The Drawn Together Movie: The Movie! (2010),6.3,2137,2010
405,Point Blank - Aus kurzer Distanz (2010),6.9,9131,2010
404,Der SeidenfÃ¤cher (2011),6.0,2457,2011
403,Love (2011),5.6,5522,2011
402,Flypaper - Wer Ã¼berfÃ¤llt hier wen? (2011),6.4,21732,2011
401,The Cleveland Show Field of Streams (TV Episode 2010),5.7,103,2010
400,Psych A Very Juliet Episode (TV Episode 2010),8.4,270,2010
399,The Divide (2011),5.8,25096,2011
398,Elysium (2013),6.7,198113,2013
397,Beginners (2010),7.2,56225,2010
396,Nichts zu verzollen (2010),6.3,6776,2010
395,Sedona (2011),6.5,86,2011
394,Never Sleep Again: The Elm Street Legacy (Video 2010),8.7,1739,2010
393,Dr. House The Choice (TV Episode 2010),8.6,697,2010
392,Drive Angry (2011),5.5,68574,2011
391,Louie (TV Series 2010â€“ ),8.7,35019,2010
390,Justified (TV Series 2010â€“ ),8.7,43604,2010
389,Wie ausgewechselt (2011),6.4,111862,2011
388,The Raven (2012),6.4,60571,2012
387,Oblivion (2013),7.0,244627,2013
386,Der Lorax (3D) (2012),6.5,60174,2012
385,Attack the Block (2011),6.6,66580,2011
384,Willkommen in Cedar Rapids (2011),6.3,29626,2011
383,Cloudburst (2011),7.3,571,2011
382,The Grandmaster (2013),6.6,16003,2013
381,Buried - Lebend begraben (2010),7.0,94679,2010
380,Box of Shadows (2011),4.8,1326,2011
379,Letters to God (2010),6.0,3117,2010
378,Jianyu (2010),6.9,4942,2010
377,72 Stunden - The Next Three Days (2010),7.4,114898,2010
376,Goon (2011),6.9,57291,2011
375,Drecksau (2013),7.1,29597,2013
374,Killer Elite (2011),6.5,84937,2011
373,Live aus Peepli - Irgendwo in Indien (2010),7.6,5718,2010
372,Die HÃ¼ter des Lichts (2012),7.3,81782,2012
371,Game of Death (2010),4.7,4641,2010
370,Vito (2011),7.8,249,2011
369,Spartacus: War of the Damned (TV Series 2010â€“2013),8.7,126039,2010
368,Martha Marcy May Marlene (2011),7.0,31698,2011
367,Battleship (2012),5.9,158997,2012
366,Wie durch ein Wunder (2010),6.4,34555,2010
365,Sleep Tight (2011),7.2,14119,2011
364,Disconnect (2012),7.6,35271,2012
363,Faster (2010),6.5,66463,2010
362,Senna (2010),8.6,34436,2010
361,Predators (2010),6.4,139196,2010
360,Armour of God - Chinese Zodiac (2012),6.3,9691,2012
359,Beneath Hill 60 (2010),7.0,4396,2010
358,Best Exotic Marigold Hotel (2011),7.3,51807,2011
357,Hangover 2 (2011),6.5,273303,2011
356,Riddick - Ãœberleben ist seine Rache (2013),6.4,79027,2013
355,Men in Black 3 (2012),6.9,192034,2012
354,Altitude - TÃ¶dliche HÃ¶he (2010),4.9,7260,2010
353,Remember Me (2010),7.2,84925,2010
352,Transformers 3 (2011),6.4,242459,2011
351,96 Hours - Taken 2 (2012),6.3,149135,2012
350,Sex & Drugs & Rock & Roll (2010),6.5,2697,2010
349,Wir kaufen einen Zoo (2011),7.2,85077,2011
348,Total Recall (2012),6.3,157172,2012
347,Ein Mann von Welt (2010),7.0,3531,2010
346,Cop Out - Geladen und entsichert (2010),5.7,64710,2010
345,Der Plan (2011),7.1,161299,2011
344,The Ali-wood Shuffle (2013),,,2013
343,The Company You Keep - Die Akte Grant (2012),6.4,18758,2012
342,KindskÃ¶pfe (2010),5.9,132374,2010
341,Bad Sitter (2011),5.7,48813,2011
340,I'm Still Here (2010),6.2,11405,2010
339,Nude Nuns with Big Guns (2010),3.9,4106,2010
338,Jack and the Giants (2013),6.3,77069,2013
337,Brestskaya krepost (2010),7.5,4881,2010
336,Gangster Squad (2013),6.8,133802,2013
335,Sterben will gelernt sein (2010),5.6,28268,2010
334,The Reef (2010),5.8,9081,2010
333,Gullivers Reisen - Da kommt was GroÃŸes auf uns zu (2010),4.9,42438,2010
332,Little Big Soldier (2010),7.0,9508,2010
331,Devil - Fahrstuhl zur HÃ¶lle (2010),6.3,83012,2010
330,Animal Kingdom (2010),7.3,36151,2010
329,The Watch - Nachbarn der 3. Art (2012),5.7,80542,2012
328,Eva - GefÃ¼hle kann man nicht programmieren (2011),6.6,5244,2011
327,Blitz (2011),6.2,51579,2011
326,Last Night (2010),6.6,30221,2010
325,Liberace - Zuviel des Guten ist wundervoll (TV Movie 2013),7.1,22539,2013
324,Bad Teacher (2011),5.7,124646,2011
323,Smash His Camera (2010),7.0,500,2010
322,Date Night - Gangster fÃ¼r eine Nacht (2010),6.3,102933,2010
321,Madagascar 3: Flucht durch Europa (2012),7.0,82063,2012
320,Die KÃ¶nigin und der Leibarzt (2012),7.6,20731,2012
319,X-Men: Erste Entscheidung (2011),7.8,344481,2011
318,The Cabin in the Woods (2012),7.1,197627,2012
317,Kick-Ass (2010),7.8,328140,2010
316,Das ist das Ende (2013),6.9,197539,2013
315,Betty Anne Waters (2010),7.2,28025,2010
314,RoboCop (2014),6.6,45479,2014
313,Greenberg (2010),6.1,23925,2010
312,Stichtag - Schluss mit gemÃ¼tlich (2010),6.6,217783,2010
311,Jane Eyre (2011),7.4,44727,2011
310,Mission: Impossible - Phantom Protokoll (2011),7.4,270171,2011
309,Resident Evil: Afterlife (2010),5.9,106108,2010
308,We Need to Talk About Kieran (2011),7.8,21,2011
307,Auge um Auge (2013),6.9,35848,2013
306,Jack Ryan: Shadow Recruit (2014),6.5,17306,2014
305,Last Vegas (2013),6.7,60360,2013
304,Gregs Tagebuch - Von Idioten umzingelt! (2010),6.2,24237,2010
303,Rango (2011),7.3,135706,2011
302,My Name Is Khan (2010),7.8,40079,2010
301,From Paris with Love (2010),6.5,81945,2010
300,AdÃ¨le und das Geheimnis des Pharaos (2010),6.2,11824,2010
299,Undisputed III: Redemption (2010),7.5,19015,2010
298,Beastly - Schau in sein wahres Gesicht (2011),5.5,46400,2011
297,Green Lantern (2011),5.7,170753,2011
296,Ein Leben fÃ¼r den Tod (TV Movie 2010),7.8,17990,2010
295,Morning Glory (2010),6.5,47441,2010
294,TRON: Legacy (2010),6.9,210644,2010
293,Darkest Hour (2011),4.9,41371,2011
292,Shanghai (2010),6.5,5828,2010
291,Paul - Ein Alien auf der Flucht (2011),7.1,146632,2011
290,Megan Is Missing (2011),5.3,3990,2011
289,StarCraft II: Wings of Liberty (Video Game 2010),8.8,1479,2010
288,The Book of Eli (2010),6.9,170948,2010
287,Iron Sky (2012),6.0,64932,2012
286,The Warrior's Way (2010),6.3,19014,2010
285,The Way Back (2010),7.3,69391,2010
284,Knight and Day (2010),6.3,113969,2010
283,Die Eiserne Lady (2011),6.4,60282,2011
282,The Experiment (2010),6.4,32078,2010
281,Wer ist Hanna? (2011),6.8,132191,2011
280,Die Abenteuer von Tim und Struppi - Das Geheimnis der Einhorn (2011),7.4,141469,2011
279,Die Chroniken von Narnia - Die Reise auf der MorgenrÃ¶te (2010),6.4,75873,2010
278,Boardwalk Empire (TV Series 2010â€“ ),8.7,94251,2010
277,Justice League (2017),,,2017
276,Hugo Cabret (2011),7.6,192078,2011
275,The Amazing Spider-Man (2012),7.2,300076,2012
274,Green Zone (2010),6.9,91066,2010
273,Game of Thrones - Das Lied von Eis und Feuer (TV Series 2011â€“ ),9.5,547534,2011
272,Arthur und die Minimoys 3 - Die groÃŸe Entscheidung (2010),5.5,4158,2010
271,Unthinkable (2010),7.1,59945,2010
270,Briefe an Julia (2010),6.5,50391,2010
269,UmstÃ¤ndlich verliebt (2010),6.0,58705,2010
268,Sanctum (2011),5.8,40129,2011
267,Die Abenteuer von Mr. Peabody & Sherman (2014),7.1,9680,2014
266,Das RotkÃ¤ppchen-Ultimatum (2011),4.8,7886,2011
265,The Kids Are All Right (2010),7.1,91773,2010
264,The Babymakers (2012),4.9,6067,2012
263,World War Z (2013),7.1,287338,2013
262,Percy Jackson: Diebe im Olymp (2010),5.9,104575,2010
261,Take Me Home Tonight (2011),6.4,37314,2011
260,Jack und Jill (2011),3.5,45051,2011
259,American Masters A Letter to Elia (TV Episode 2010),7.7,425,2010
258,It's Kind of a Funny Story (2010),7.2,77919,2010
257,Thor (2011),7.0,346716,2011
256,Kampf der Titanen (2010),5.8,184318,2010
255,Jack Reacher (2012),7.0,154573,2012
254,Nix wie weg - vom Planeten Erde (2013),5.9,14337,2013
253,Schwesterherzen - Ramonas wilde Welt (2010),6.7,10918,2010
252,Red Tails (2012),5.9,23547,2012
251,Alles erlaubt - Eine Woche ohne Regeln (2011),5.9,87157,2011
250,The Losers (2010),6.4,62886,2010
249,Extrem laut und unglaublich nah (2011),6.9,63516,2011
248,Die SchlÃ¼mpfe (2011),5.5,52989,2011
247,Alan Partridge: Alpha Papa (2013),7.1,13976,2013
246,The Crazies - FÃ¼rchte deinen NÃ¤chsten (2010),6.6,75953,2010
245,Der gestiefelte Kater (2011),6.7,86655,2011
244,Das A-Team - Der Film (2010),6.8,168808,2010
243,On the Road - Unterwegs (2012),6.1,24389,2012
242,Return to Babylon (2013),7.1,77,2013
241,Futility (2014),,,2014
240,71st Golden Globe Awards (2014),7.2,372,2014
239,The Tonight Show with Jay Leno Wanda Sykes/Thomas Haden Church/Dwight Yoakam (TV Episode 2014),,,2014
238,Short Term 12 (2013),8.1,14109,2013
237,Mud - Kein Ausweg (2012),7.5,71280,2012
236,Fruitvale Station (2013),7.5,25654,2013
235,Mike and Mike in the Morning Episode dated 29 August 2013 (TV Episode 2013),,,2013
234,The Tonight Show with Jay Leno Episode #21.170 (TV Episode 2013),,,2013
233,Flight (2012),7.3,193593,2012
232,Ebert Presents: At the Movies Episode #2.24 (TV Episode 2011),,,2011
231,Der Junge mit dem Fahrrad (2011),7.3,15253,2011
230,Le PassÃ© - Das Vergangene (2013),8.1,17579,2013
229,The Tonight Show with Jay Leno Episode #22.51 (TV Episode 2013),,,2013
228,Genug gesagt (2013),7.2,23038,2013
227,Frances Ha (2012),7.5,20887,2012
226,Pauw & Witteman Episode #7.63 (TV Episode 2012),,,2012
225,Starbuck (2011),7.3,9780,2011
224,Win Win (2011),7.2,40954,2011
223,Robot & Frank (2012),7.1,37150,2012
222,Wir sind die Millers (2013),7.1,174177,2013
221,Charlie Brooker's 2011 Wipe (TV Movie 2011),8.1,81,2011
220,Tang shan da di zhen (2010),7.6,5909,2010
219,Das erstaunliche Leben des Walter Mitty (2013),7.5,80326,2013
218,Kill the Boss (2011),6.9,257383,2011
217,Journey of Love - Das wahre Abenteuer ist die Liebe (2012),7.1,70752,2012
216,Ganz weit hinten (2013),7.4,63849,2013
215,The Kings of Summer (2013),7.2,29415,2013
214,Anchorman 2 (2013),6.8,45976,2013
213,Last Man Standing Stud Muffin (TV Episode 2014),7.6,21,2014
212,The Colony (2013),5.3,21527,2013
211,The Purge - Die SÃ¤uberung (2013),5.5,67643,2013
210,Europa Report (2013),6.5,28725,2013
209,Continuum (TV Series 2012â€“ ),7.9,29729,2012
208,In Time - Deine Zeit lÃ¤uft ab (2011),6.6,215143,2011
207,Saturday Night Live Alec Baldwin/Radiohead (TV Episode 2011),7.4,116,2011
206,Philomena (2013),7.7,26818,2013
205,Saving Mr. Banks (2013),7.7,45013,2013
204,The Tonight Show with Jay Leno Episode #21.212 (TV Episode 2013),,,2013
203,The Tonight Show with Jay Leno Episode #19.75 (TV Episode 2011),,,2011
202,Salt (2010),6.4,190735,2010
201,The 82nd Annual Academy Awards (2010),6.8,1173,2010
200,At the Movies Episode #8.37 (TV Episode 2011),,,2011
199,47 Ronin (2013),6.4,38099,2013
198,Wu xia (2011),7.1,7743,2011
197,Shaolin (2011),6.9,12905,2011
196,300: Rise of an Empire (2014),7.0,56680,2014
195,White House Down (2013),6.4,94851,2013
194,Drive (2011),7.9,335287,2011
193,King of Devil's Island (2010),7.4,9343,2010
192,The Devil's Double (2011),7.1,44018,2011
191,Get the Gringo (2012),7.1,67634,2012
190,Lone Survivor (2013),7.8,71512,2013
189,Se souvenir des cendres - Regards sur Incendies (2010),6.3,7,2010
188,Biutiful (2010),7.5,50603,2010
187,In einer besseren Welt (2010),7.7,25747,2010
186,Ip Man 3 (2015),,,2015
185,True Legend (2010),6.4,6020,2010
184,Legend of the Fist (2010),6.3,6330,2010
183,Kon-Tiki (2012),7.3,22702,2012
182,Guan yun chang (2011),6.0,2267,2011
181,Ip Man 2 (2010),7.6,42747,2010
180,Harry Potter und die HeiligtÃ¼mer des Todes - Teil 1 (2010),7.7,234523,2010
179,90210 Rats and Heroes (TV Episode 2010),7.4,57,2010
178,The Waiting Game (2012),,,2012
177,Verliebt und ausgeflippt (2010),7.7,39335,2010
176,Chelsea Lately Episode #7.191 (TV Episode 2013),,,2013
175,Der Hobbit - Eine unerwartete Reise (2012),8.1,438941,2012
174,Workaholics True Dromance (TV Episode 2012),8.2,93,2012
173,That Fellow in the Coat Top 10 Strangest/Most Annoying Academy Decisions (TV Episode 2012),,,2012
172,New in Paradise You Wanna See Something? (TV Episode 2013),8.2,65,2013
171,Eretz Nehederet Episode #11.8 (TV Episode 2014),,,2014
170,Special Chabbis (2013),7.8,13212,2013
169,Barfi! (2012),8.3,32832,2012
168,Submarine (2010),7.3,43917,2010
167,De Wereld Draait Door Episode #6.94 (TV Episode 2011),,,2011
166,Die EiskÃ¶nigin - VÃ¶llig unverfroren (2013),7.9,159512,2013
165,The Tonight Show with Jay Leno Episode #18.17 (TV Episode 2010),,,2010
164,Maltin on Movies Trouble with the Curve (TV Episode 2012),,,2012
163,13 Assassins (2010),7.6,40021,2010
162,21 Jump Street (2012),7.2,247076,2012
161,Ip Man Zero (2010),7.1,18336,2010
160,The Last Stand (2013),6.4,83979,2013
159,Das Bourne VermÃ¤chtnis (2012),6.7,167130,2012
158,Fast & Furious 6 (2013),7.2,198382,2013
157,The Expendables 2 (2012),6.8,179497,2012
156,Homefront (2013),6.5,29785,2013
155,The Raid (2011),7.6,92700,2011
154,Escape Plan (2013),6.8,88888,2013
153,Wolverine: Weg des Kriegers (2013),6.8,189340,2013
152,2 Guns (2013),6.8,91579,2013
151,Great Movie Mistakes 2: The Sequel (TV Movie 2011),5.9,25,2011
150,Four Twenty (2012),7.3,15,2012
149,127 Hours (2010),7.7,209297,2010
148,The Tonight Show with Jay Leno Episode #19.89 (TV Episode 2011),,,2011
147,The Flowers of War (2011),7.7,28583,2011
146,Conan Seven Salads for Seven Brothers Who Are Sexually Attracted to Salads (TV Episode 2011),8.0,13,2011
145,At the Movies Episode #10.22 (TV Episode 2013),,,2013
144,Let Me In (2010),7.2,69530,2010
143,Argo (2012),7.8,308561,2012
142,Pawn Stars Million Dali Baby (TV Episode 2013),6.3,10,2013
141,Castle The Lives of Others (TV Episode 2013),8.9,626,2013
140,Eine offene Rechnung (2010),6.9,46874,2010
139,The Nostalgia Critic Is it Right to Nitpick? (TV Episode 2013),8.1,20,2013
138,Brows Held High Yeelen (TV Episode 2013),,,2013
137,What Happens Next (2011),5.6,359,2011
136,Fast & Furious Five (2011),7.3,203466,2011
135,Englisch fÃ¼r AnfÃ¤nger (2012),7.9,12038,2012
134,Lunchbox (2013),8.0,7277,2013
133,Man lebt nur einmal (2011),8.1,26067,2011
132,Queen (2014),9.1,8769,2014
131,Udaan (2010),8.3,17246,2010
130,The Rotten Tomatoes Show Repo Men/The Bounty Hunter/The Runaways (TV Episode 2010),,,2010
129,Winter's Bone (2010),7.2,88851,2010
128,Big Bad Wolves (2013),7.1,2740,2013
127,Scott Pilgrim gegen den Rest der Welt (2010),7.5,200784,2010
126,Maltin on Movies Arbitrage (TV Episode 2012),,,2012
125,Prince of Persia: Der Sand der Zeit (2010),6.6,167079,2010
124,Weaverfish (2013),6.2,41,2013
123,J. Edgar (2011),6.6,79508,2011
122,The Man from Nowhere (2010),7.9,28184,2010
121,Ice Age 4 - Voll verschoben (2012),6.7,95964,2012
120,Die Croods (2013),7.3,90161,2013
119,Rio (2011),7.0,116167,2011
118,Source Code (2011),7.5,270084,2011
117,Detachment (2011),7.7,37961,2011
116,Special Forces (2011),6.3,11399,2011
115,Moonrise Kingdom (2012),7.8,160533,2012
114,Der Ghostwriter (2010),7.3,110856,2010
113,Unknown Identity (2011),6.9,160000,2011
112,The Twenty-Eight Hits for Laughs Who the Hell Is Orlando Bloom? Gossip Ladies Mentioned Areallyman007's Channel (TV Episode 2011),7.3,10,2011
111,Pirates of the Caribbean - Fremde Gezeiten (2011),6.7,258919,2011
110,Thor - The Dark Kingdom (2013),7.3,191317,2013
109,Demo Reel Lost in Translation (Bromance Version) (TV Episode 2012),7.9,9,2012
108,Die Legende der WÃ¤chter (2010),7.0,51727,2010
107,Assassin's Creed III (Video Game 2012),8.9,5221,2012
106,Vielleicht lieber morgen (2012),8.1,224570,2012
105,Der Mandant (2011),7.3,133277,2011
104,Dallas Buyers Club (2013),8.0,121583,2013
103,Das Leuchten der Stille (2010),6.2,61269,2010
102,Supernatural Time After Time (TV Episode 2012),8.8,1103,2012
101,Die Monster Uni (2013),7.5,132191,2013
100,FÃ¼r immer Shrek (2010),6.4,99613,2010
99,Blue Valentine (2010),7.4,107863,2010
98,Lawless - Die Gesetzlosen (2012),7.3,129924,2012
97,Justified Decoy (TV Episode 2013),8.9,392,2013
96,The Nostalgia Chick What Women Want (TV Episode 2012),5.8,5,2012
95,True Grit - Vergeltung (2010),7.7,186209,2010
94,Gnomeo & Julia (2011),6.0,33763,2011
93,James Bond 007 - Skyfall (2012),7.8,378165,2012
92,Epic - Verborgenes KÃ¶nigreich (2013),6.7,54953,2013
91,The Nostalgia Critic Conan: Part 1 (TV Episode 2010),7.7,26,2010
90,Life of Pi: Schiffbruch mit Tiger (2012),8.1,297386,2012
89,Rum Diary (2011),6.2,70221,2011
88,Contagion (2011),6.7,147585,2011
87,The Runaways (2010),6.6,32087,2010
86,Conan A Renaissance Most Foul (TV Episode 2011),7.7,12,2011
85,Die Muppets (2011),7.2,61829,2011
84,Doctor Who: The Adventure Games - Blood of the Cybermen (Video Game 2010),8.2,30,2010
83,The Thing (2011),6.3,73267,2011
82,CSI - Den TÃ¤tern auf der Spur Strip Maul (TV Episode 2012),8.0,148,2012
81,Monsters (2010),6.4,58943,2010
80,Die Tribute von Panem - Catching Fire (2013),7.9,260431,2013
79,Melancholia (2011),7.1,94094,2011
78,Ironclad (2011),6.2,27085,2011
77,Lone Ranger (2013),6.6,117298,2013
76,Captain America: The First Avenger (2011),6.8,280412,2011
75,Side by Side (2012),7.7,7811,2012
74,Alice im Wunderland (2010),6.5,228380,2010
73,Into the White (2012),7.1,10324,2012
72,Saturday Night Live Charlie Day/Maroon 5 (TV Episode 2011),7.2,104,2011
71,42 (2013),7.6,44350,2013
70,Iron Man 2 (2010),7.1,336029,2010
69,Star Trek: Into Darkness (2013),7.9,270323,2013
68,Planet der Affen: Prevolution (2011),7.6,272843,2011
67,The Social Network (2010),7.8,334871,2010
66,Skins - Hautnah Thomas (TV Episode 2010),7.2,187,2010
65,John Carter: Zwischen zwei Welten (2012),6.6,166665,2012
64,Iron Man 3 (2013),7.4,349551,2013
63,Man of Steel (2013),7.4,359724,2013
62,Atrocious (2010),5.1,2984,2010
61,We Need to Talk About Kevin (2011),7.5,65660,2011
60,Verblendung (2011),7.9,245900,2011
59,The Fighter (2010),7.9,200800,2010
58,The Ides of March - Tage des Verrats (2011),7.2,154409,2011
57,Die Kunst zu gewinnen - Moneyball (2011),7.6,221172,2011
56,Captain Phillips (2013),8.0,176065,2013
55,Nebraska (2013),7.9,38035,2013
54,Ein riskanter Plan (2012),6.6,99177,2012
53,Contraband (2012),6.5,82124,2012
52,Jo NesbÃ¸'s Headhunters (2011),7.6,57127,2011
51,Der groÃŸe Crash (2011),7.1,68616,2011
50,Side Effects - TÃ¶dliche Nebenwirkungen (2013),7.1,105194,2013
49,Conjuring - Die Heimsuchung (2013),7.6,165388,2013
48,Ohne Limit (2011),7.4,289299,2011
47,30 Minuten oder weniger (2011),6.2,64192,2011
46,The Town - Stadt ohne Gnade (2010),7.6,222924,2010
45,Tales from the Warner Bros. Lot - Geschichten vom StudiogelÃ¤nde (2013),6.8,21,2013
44,Bones - Die KnochenjÃ¤gerin The Proof in the Pudding (TV Episode 2010),8.5,345,2010
43,Cinemassacre's Monster Madness The Manitou (TV Episode 2010),7.3,6,2010
42,Elizabeth Taylor: A Tribute (TV Movie 2011),7.0,6,2011
41,Centurion (2010),6.4,51500,2010
40,The Descendants - Familie und andere Angelegenheiten (2011),7.4,164099,2011
39,50/50 - Freunde fÃ¼rs (Ãœber)leben (2011),7.8,207726,2011
38,Lincoln (2012),7.5,146016,2012
37,Smashing UK Top 10 Top 10 Film Directors (TV Episode 2013),6.3,8000,2013
36,Biography Milton Berle: Mr. Television (TV Episode),6.3,5000,2010
35,Dark Shadows (2012),6.3,147014,2012
34,Adventures in the Sin Bin (2012),5.4,267,2012
33,Blue Jasmine (2013),7.4,74652,2013
32,Silver Linings (2012),7.9,354393,2012
31,Midnight in Paris (2011),7.7,221572,2011
30,Hereafter - Das Leben danach (2010),6.5,69425,2010
29,The Tree of Life (2011),6.7,108560,2011
28,Parks and Recreation Eagleton (TV Episode 2011),8.3,308,2011
27,Robin Hood (2010),6.7,166816,2010
26,Videoclub (2013),4.9,18,2013
25,Die Jagd (2012),8.3,80966,2012
24,12 Years a Slave (2013),8.3,161237,2013
23,Rush - Alles fÃ¼r den Sieg (2013),8.3,142959,2013
22,Django Unchained (2012),8.5,568296,2012
21,Nader und Simin - eine Trennung (2011),8.5,105123,2011
20,Her (2013),8.3,98365,2013
19,Ziemlich beste Freunde (2011),8.6,286016,2011
18,Tropa de Elite 2 - O Inimigo Agora Ã‰ Outro (2010),8.1,46844,2010
17,The King's Speech (2010),8.1,325645,2010
16,Lego (2014),8.3,52708,2014
15,Gravity (2013),8.1,341562,2013
14,The Help (2011),8.1,220355,2011
13,Prisoners (2013),8.1,184698,2013
12,Inception (2010),8.8,942259,2010
11,The Dark Knight Rises (2012),8.6,758626,2012
10,Warrior (2011),8.3,220357,2011
9,Die Frau die singt - Incendies (2010),8.2,45292,2010
8,Harry Potter und die HeiligtÃ¼mer des Todes - Teil 2 (2011),8.1,346862,2011
7,Der Hobbit - Smaugs EinÃ¶de (2013),8.1,239935,2013
6,Shutter Island (2010),8.1,495936,2010
5,The Wolf of Wall Street (2013),8.4,285401,2013
4,Black Swan (2010),8.1,413273,2010
3,DrachenzÃ¤hmen leicht gemacht (2010),8.2,285643,2010
2,Marvel's The Avengers (2012),8.2,638083,2012
1,Toy Story 3 (2010),8.5,356405,2010
